Gene name,Chromosome/scaffold name,Karyotype band,Strand
FAM168B,2,q21.1,-1
SH3PXD2B,5,q35.1,-1
DENND3,8,q24.3,1
RGPD3,2,q12.2,-1
CD300LB,17,q25.1,-1
MCRIP1,17,q25.3,-1
NACA,12,q13.3,-1
KIF2A,5,q12.1,1
SGK1,6,q23.2,-1
SNAP23,15,q15.1,1
HAX1,1,q21.3,1
FXYD1,19,q13.12,1
TLR4,9,q33.1,1
APBB1,11,p15.4,-1
PSMD11,17,q11.2,1
MEN1,11,q13.1,-1
CBX4,17,q25.3,-1
SUPT5H,19,q13.2,1
HIP1,7,q11.23,-1
EIF3F,11,p15.4,1
CDC7,1,p22.1,1
ARNTL,11,p15.3,1
PIK3CD,1,p36.22,1
DCTN6,8,p12,1
WASL,7,q31.32,-1
EEF2K,16,p12.2,1
DNM1L,12,p11.21,1
PIK3C2A,11,p15.1,-1
PLK4,4,q28.1,1
NR5A2,1,q32.1,1
SDCBP,8,q12.1,1
PITPNM1,11,q13.2,-1
MPHOSPH10,2,p13.3,1
DDX3X,X,p11.4,1
SLN,11,q22.3,-1
E2F3,6,p22.3,1
ACACB,12,q24.11,1
SCD,10,q24.31,1
DLGAP1,18,p11.31,-1
CLDN4,7,q11.23,1
ARID1A,1,p36.11,1
BHLHE40,3,p26.1,1
CDK2AP1,12,q24.31,-1
PTPRT,20,q13.11,-1
SOCS3,17,q25.3,-1
HSPB6,19,q13.12,-1
ENPP3,6,q23.2,1
DVL2,17,p13.1,-1
KCNK3,2,p23.3,1
KMT2D,12,q13.12,-1
ITGB1BP1,2,p25.1,-1
RGPD8,2,q14.1,-1
APAF1,12,q23.1,1
MAP2K7,19,p13.2,1
PDCD5,19,q13.11,1
PRMT5,14,q11.2,-1
SLC9A3R1,17,q25.1,1
TERT,5,p15.33,-1
CHEK1,11,q24.2,1
TPP1,11,p15.4,-1
NDC80,18,p11.32,1
PHOX2A,11,q13.4,-1
PSMA7,20,q13.33,-1
IKBKB,8,p11.21,1
RGS13,1,q31.2,1
CASK,X,p11.4,-1
PLD2,17,p13.2,1
MYL12B,18,p11.31,1
CASQ2,1,p13.1,-1
PPP1R12A,12,q21.31,-1
XPO1,2,p15,-1
PIP5K1B,9,q21.11,1
ZNF609,15,q22.31,1
SEC16A,9,q34.3,-1
AREL1,14,q24.3,-1
PER2,2,q37.3,-1
SYNJ2,6,q25.3,1
ANKRD28,3,p25.1,-1
CHUK,10,q24.31,-1
FYB1,5,p13.1,-1
TBX3,12,q24.21,-1
ARPC1B,7,q22.1,1
MDM4,1,q32.1,1
PLSCR1,3,q24,-1
AXIN1,16,p13.3,-1
SMAD9,13,q13.3,-1
GSTA4,6,p12.2,-1
NPHP1,2,q13,-1
MAPK13,6,p21.31,1
SHOX,X,p22.33,1
SPTLC1,9,q22.31,-1
TCAP,17,q12,1
FANCG,9,p13.3,-1
OGT,X,q13.1,1
PPM1D,17,q23.2,1
SIVA1,14,q32.33,1
TP73,1,p36.32,1
PPM1G,2,p23.3,-1
FANCA,16,q24.3,-1
HDAC3,5,q31.3,-1
CD3EAP,19,q13.32,1
TLR3,4,q35.1,1
RGS16,1,q25.3,-1
ARPC5,1,q25.3,-1
CLOCK,4,q12,-1
CFLAR,2,q33.1,1
DDX3Y,Y,q11.221,1
MAFG,17,q25.3,-1
PDPK1,16,p13.3,1
CLDN3,7,q11.23,-1
MEFV,16,p13.3,-1
KCNN4,19,q13.31,-1
RNMT,18,p11.21,1
TTI1,20,q11.23,-1
PLXNB1,3,p21.31,-1
PJA2,5,q21.3,-1
PHGDH,1,p12,1
NDUFS4,5,q11.2,1
SIAH2,3,q25.1,-1
ZNHIT1,7,q22.1,1
DAPK3,19,p13.3,-1
TGFB1I1,16,p11.2,1
CCP110,16,p12.3,1
MTSS1,8,q24.13,-1
AQP9,15,q21.3,1
MAP3K7,6,q15,-1
RIPK2,8,q21.3,1
WDR62,19,q13.12,1
PRPF3,1,q21.2,1
EIF4G3,1,p36.12,-1
HTRA2,2,p13.1,1
PROM1,4,p15.32,-1
LAMTOR5,1,p13.3,-1
WIPF1,2,q31.1,-1
BCL2L11,2,q13,1
FOXO3,6,q21,1
KCNQ2,20,q13.33,-1
SMAD6,15,q22.31,1
XRCC3,14,q32.33,-1
LAT,16,p11.2,1
SPRY2,13,q31.1,-1
DCX,X,q23,-1
HCRTR1,1,p35.2,1
SNAI2,8,q11.21,-1
PLRG1,4,q31.3,-1
PRC1,15,q26.1,-1
RGS10,10,q26.11,-1
BUB1,2,q13,-1
BUB3,10,q26.13,1
ENSA,1,q21.3,-1
SPOP,17,q21.33,-1
AKAP8,19,p13.12,-1
CALU,7,q32.1,1
AIRE,21,q22.3,1
RAD21,8,q24.11,-1
KALRN,3,q21.1,1
PPP1R12B,1,q32.1,1
MED14,X,p11.4,-1
PRKN,6,q26,-1
SPAG9,17,q21.33,-1
NUAK1,12,q23.3,-1
PIP5K1C,19,p13.3,-1
KDM1A,1,p36.12,1
TBC1D4,13,q22.2,-1
PHLPP1,18,q21.33,1
HBP1,7,q22.3,1
DLX3,17,q21.33,-1
NPHS1,19,q13.12,-1
SORBS3,8,p21.3,1
CCNT1,12,q13.12,-1
BUB1B,15,q15.1,1
DIAPH1,5,q31.3,-1
RAD1,5,p13.2,-1
REV3L,6,q21,-1
JAK2,9,p24.1,1
UGDH,4,p14,-1
CTNND1,11,q12.1,1
H2BC12,6,p22.1,-1
PFKFB2,1,q32.1,1
PAGE4,X,p11.23,1
KCNJ13,2,q37.1,-1
NBN,8,q21.3,-1
NOL3,16,q22.1,1
DTNB,2,p23.3,-1
MITF,3,p13,1
PLXNA2,1,q32.2,-1
DNAJC6,1,p31.3,1
ROCK2,2,p25.1,-1
CLASP2,3,p22.3,-1
ATG13,11,p11.2,1
RNF40,16,p11.2,1
PHF2,9,q22.31,1
ZC3H11A,1,q32.1,1
RAB11FIP3,16,p13.3,1
PPP6R2,22,q13.33,1
ANKRD17,4,q13.3,-1
NCOR1,17,p11.2,-1
ULK1,12,q24.33,1
TACC1,8,p11.22,1
KATNA1,6,q25.1,-1
ERN1,17,q23.3,-1
E2F6,2,p25.1,-1
NR1I2,3,q13.33,1
PSIP1,9,p22.3,-1
GMNN,6,p22.3,1
BANF1,11,q13.1,1
SF3B1,2,q33.1,-1
LRP6,12,p13.2,-1
RPS6KA5,14,q32.11,-1
MYCBP2,13,q22.3,-1
USP2,11,q23.3,-1
ERAL1,17,q11.2,1
REM1,20,q11.21,1
RPS6KA4,11,q13.1,1
PPM1B,2,p21,1
ADAP1,7,p22.3,-1
STK16,2,q35,1
TRPA1,8,q21.11,-1
EIF3J,15,q21.1,1
STAM2,2,q23.3,-1
PIAS1,15,q23,1
RAD17,5,q13.2,1
CABYR,18,q11.2,1
FLOT1,6,p21.33,-1
TRIO,5,p15.2,1
RSL1D1,16,p13.13,-1
CDKL5,X,p22.13,1
SEC14L2,22,q12.2,1
STC2,5,q35.2,-1
PDE5A,4,q26,-1
BEST1,11,q12.3,1
TRPM2,21,q22.3,1
RECQL4,8,q24.3,-1
RECQL5,17,q25.1,-1
URI1,19,q12,1
USP1,1,p31.3,1
PRKD3,2,p22.2,-1
TPPP,5,p15.33,-1
PHF14,7,p21.3,1
PCF11,11,q14.1,1
NFAT5,16,q22.1,1
GLS,2,q32.2,1
HEXIM1,17,q21.31,1
UBR5,8,q22.3,-1
MFN2,1,p36.22,1
CACNA1H,16,p13.3,1
LETM1,4,p16.3,-1
KIF20A,5,q31.2,1
SPDEF,6,p21.31,-1
KIF4A,X,q13.1,1
MBD4,3,q21.3,-1
KAT7,17,q21.33,1
RASGRP1,15,q14,-1
TNKS,8,p23.1,1
EPM2A,6,q24.3,-1
SNAPIN,1,q21.3,1
MPZL1,1,q24.2,1
MAP3K6,1,p36.11,-1
RAPGEF3,12,q13.11,-1
SVIL,10,p11.23,-1
AHSA1,14,q24.3,1
PARN,16,p13.12,-1
CLDN7,17,p13.1,-1
ABCA1,9,q31.1,-1
TDP2,6,p22.3,-1
KLF8,X,p11.21,1
PCNT,21,q22.3,1
ZBTB11,3,q12.3,-1
NFATC1,18,q23,1
POP4,19,q12,1
SNAP29,22,q11.21,1
OXSR1,3,p22.2,1
DDX58,9,p21.1,-1
BAG2,6,p12.1,1
BAG3,10,q26.11,1
LATS1,6,q25.1,-1
SNAI1,20,q13.13,1
ECD,10,q22.2,-1
MBD3,19,p13.3,-1
PTTG1,5,q33.3,1
BCL10,1,p22.3,-1
PAK4,19,q13.2,1
CHEK2,22,q12.1,-1
APBA3,19,p13.3,-1
NSD2,4,p16.3,1
LDHA,11,p15.1,1
PAH,12,q23.2,-1
SOD1,21,q22.11,1
ABL1,9,q34.12,1
EGFR,7,p11.2,1
PGK1,X,q21.1,1
FOS,14,q24.3,1
MYC,8,q24.21,1
NRAS,1,p13.2,-1
HRAS,11,p15.5,-1
KRAS,12,p12.1,-1
IL2RA,10,p15.1,-1
CD4,12,p13.31,1
HLA-B,6,p21.33,-1
CRYAB,11,q23.1,-1
LMNA,1,q22,1
APOE,19,q13.32,1
FGA,4,q31.3,-1
MBP,18,q23,-1
SLC4A1,17,q21.31,-1
TFRC,3,q29,-1
ESR1,6,q25.1,1
VTN,17,q11.2,-1
CAT,11,p13,1
RAF1,3,p25.2,-1
ANXA1,9,q21.13,1
NR3C1,5,q31.3,-1
PRNP,20,p13,1
SOD2,6,q25.3,-1
TK1,17,q25.3,-1
MYCN,2,p24.3,1
GAPDH,12,p13.31,1
HLA-A,6,p22.1,1
ERBB2,17,q12,1
NTRK1,1,q23.1,1
TP53,17,p13.1,-1
HSPB1,7,q11.23,1
TYMS,18,p11.32,1
GNAI2,3,p21.31,1
ATP1A1,1,p13.1,1
APP,21,q21.3,-1
ALDH2,12,q24.12,1
CYP17A1,10,q24.32,-1
ITGB3,17,q21.32,1
HMGN1,21,q22.2,-1
EIF2S1,14,q23.3,1
HMGN2,1,p36.11,1
JUN,1,p32.1,-1
SSB,2,q31.1,1
TFAP2A,6,p24.3,-1
ITGB1,10,p11.22,-1
PRKCB,16,p12.2,1
KRT18,12,q13.13,1
KRT8,12,q13.13,-1
CD5,11,q12.2,1
INSR,19,p13.2,-1
LCK,1,p35.2,1
FYN,6,q21,-1
GSN,9,q33.2,1
RB1,13,q14.2,1
PGR,11,q22.1,-1
CDK1,10,q21.2,1
S100A9,1,q21.3,1
EIF4E,4,q23,-1
ENO1,1,p36.23,-1
GPI,19,q13.11,1
NPM1,5,q35.1,1
H2BC11,6,p22.1,-1
TH,11,p15.5,-1
NEFL,8,p21.2,-1
GPX1,3,p21.31,-1
FES,15,q26.1,1
CSF1R,5,q32,-1
ANXA2,15,q22.2,-1
CAPN1,11,q13.1,1
TUBB,6,p21.33,1
ADRB2,5,q32,1
PFN1,17,p13.2,-1
CD3E,11,q23.3,1
EPRS1,1,q41,-1
HSP90AA1,14,q32.31,-1
HNRNPC,14,q11.2,-1
YES1,18,p11.32,-1
LYN,8,q12.1,1
RET,10,q11.21,1
FH,1,q43,-1
SP1,12,q13.13,1
IGF1R,15,q26.3,1
NGFR,17,q21.33,1
GLI1,12,q13.3,1
CHRM2,7,q33,1
ABCB1,7,q21.12,-1
SLC3A2,11,q12.3,1
NR3C2,4,q31.23,-1
PFKM,12,q13.11,1
HSP90AB1,6,p21.1,1
MMP2,16,q12.2,1
MME,3,q25.2,1
PDHA1,X,p22.12,1
PLEK,2,p14,1
PTPRC,1,q31.3,1
MET,7,q31.2,1
SNRNP70,19,q13.33,1
HCK,20,q11.21,1
VIM,10,p13,1
CYP3A4,7,q22.1,-1
KRT19,17,q21.2,-1
IGFBP1,7,p12.3,1
FGF2,4,q28.1,1
GSTP1,11,q13.2,1
VIL1,2,q35,1
FBP1,9,q22.32,-1
TPM1,15,q22.2,1
CLTB,5,q35.2,-1
HMOX1,22,q12.3,1
PDGFRB,5,q32,-1
DLD,7,q31.1,1
HOXB7,17,q21.32,-1
HNRNPA1,12,q13.13,1
CD3G,11,q23.3,1
TACSTD2,1,p32.1,-1
PARP1,1,q42.12,-1
ALOX5,10,q11.21,1
FURIN,15,q26.1,1
H2AC11,6,p22.1,1
H2AC13,6,p22.1,1
H2AC17,6,p22.1,-1
H2AC16,6,p22.1,1
H2AC15,6,p22.1,-1
TFPT,19,q13.42,-1
HSPA1A,6,p21.33,1
CALM1,14,q32.11,1
GLI3,7,p14.1,-1
MYB,6,q23.3,1
MYBL1,8,q13.1,-1
MYBL2,20,q13.12,1
AR,X,q12,1
RARA,17,q21.2,1
RRAS,19,q13.33,-1
ARAF,X,p11.3,1
H1-4,6,p22.2,1
BCL2,18,q21.33,-1
NR2F6,19,p13.11,-1
TXN,9,q31.3,-1
MAPT,17,q21.31,1
PRKAR1A,17,q24.2,1
TFPI,2,q32.1,-1
KIT,4,q12,1
THRB,3,p24.2,-1
IRF1,5,q31.1,-1
MYL2,12,q24.11,-1
HSPA5,9,q33.3,-1
LAMC1,1,q25.3,1
MAP2,2,q34,1
SLC2A1,1,p34.2,-1
EPB41,1,p35.3,1
PYGB,20,p11.21,1
RALA,7,p14.1,1
RALB,2,q14.2,1
BCR,22,q11.23,1
ERG,21,q22.2,-1
FGFR1,8,p11.23,-1
TOP1,20,q12,1
TOP2A,17,q21.2,-1
G6PD,X,q28,-1
VDR,12,q13.11,-1
CYP19A1,15,q21.2,-1
IGF2R,6,q25.3,1
CDK4,12,q14.1,-1
SRF,6,p21.1,1
PRPS2,X,p22.2,1
PCNA,20,p12.3,-1
SLC25A4,4,q35.1,1
F5,1,q24.2,-1
IMPDH2,3,p21.31,-1
TPR,1,q31.1,-1
PTHLH,12,p11.22,-1
FCGR2A,1,q23.3,1
MYCL,1,p34.2,-1
SKI,1,p36.33,1
ACTN1,14,q24.1,-1
ACE,17,q23.3,1
CDH1,16,q22.1,1
SRC,20,q11.23,1
XRCC6,22,q13.2,1
LYL1,19,p13.13,-1
XRCC5,2,q35,1
UNG,12,q24.11,1
MYF5,12,q21.31,1
LAMP2,X,q24,-1
CYBA,16,q24.2,-1
CFTR,7,q31.2,1
ITGA4,2,q31.3,1
RARG,12,q13.13,-1
EEF2,19,p13.3,-1
CEACAM1,19,q13.2,-1
F3,1,p21.3,-1
LCP1,13,q14.13,-1
GYS1,19,q13.33,-1
GFAP,17,q21.31,-1
HCLS1,3,q13.33,-1
DRD2,11,q23.2,-1
NCF1,7,q11.23,1
PKM,15,q23,-1
HSP90B1,12,q23.3,1
CCNB1,5,q13.2,1
SLC2A4,17,p13.1,1
TYR,11,q14.3,1
IL2RB,22,q12.3,-1
POU2F1,1,q24.2,1
HNRNPL,19,q13.2,-1
ETS1,11,q24.3,-1
JUP,17,q21.2,-1
ETS2,21,q22.2,1
BRAF,7,q34,-1
MYOD1,11,p15.1,1
EZR,6,q25.3,-1
ATF2,2,q31.1,-1
UCHL3,13,q22.2,1
CD19,16,p11.2,1
FOSL1,11,q13.1,-1
VAV1,19,p13.3,1
CD46,1,q32.2,1
NME1,17,q21.33,1
TCF3,19,p13.3,-1
DSP,6,p24.3,1
RPA2,1,p35.3,-1
GATA1,X,p11.23,1
NPR1,1,q21.3,1
CD44,11,p13,1
H2AX,11,q23.3,-1
ITGB4,17,q25.1,1
SPN,16,p11.2,1
CREB1,2,q33.3,1
PDGFRA,4,q12,1
PECAM1,17,q23.3,-1
NCK1,3,q22.3,1
H1-5,6,p22.1,-1
H1-2,6,p22.2,-1
FER,5,q21.3,1
UGT2B7,4,q13.2,1
CD36,7,q21.11,1
PLCG2,16,q23.3,1
STMN1,1,p36.11,-1
YBX3,12,p13.2,-1
HMGA1,6,p21.31,1
IFNAR1,21,q22.11,1
PRKCA,17,q24.2,1
JUNB,19,p13.13,1
GJA1,6,q22.31,1
SMPD1,11,p15.4,1
JUND,19,p13.11,-1
TAL1,1,p33,-1
ATF7,12,q13.13,-1
PRKACA,19,p13.12,-1
CAPN2,1,q41,1
DES,2,q35,1
CEBPB,20,q13.13,1
PTPN2,18,p11.21,-1
TPH1,11,p15.1,-1
CTPS1,1,p34.2,1
ENG,9,q34.11,-1
DDX5,17,q23.3,-1
XBP1,22,q12.1,-1
LGALS3,14,q22.3,1
IGFBP3,7,p12.3,-1
FLT1,13,q12.3,-1
PTPN1,20,q13.13,1
ITGB5,3,q21.2,-1
PTPRA,20,p13,1
NELFE,6,p21.33,-1
PGAM1,10,q24.1,1
RCC1,1,p35.3,1
SDC1,2,p24.1,-1
ATF1,12,q13.12,1
ATF4,22,q13.1,1
ATF6,1,q23.3,1
LIG1,19,q13.33,-1
CDH2,18,q12.1,-1
GNAZ,22,q11.22,1
PLCG1,20,q12,1
NCL,2,q37.1,-1
HK1,10,q22.1,1
NDUFV2,18,p11.22,1
ELK1,X,p11.23,-1
TNNI3,19,q13.42,-1
TNFRSF1A,12,p13.31,-1
ERCC3,2,q14.3,-1
TFEB,6,p21.1,-1
EIF2AK2,2,p22.2,-1
SLC9A1,1,p36.11,-1
RXRA,9,q34.2,1
NFKB1,4,q24,1
NCF2,1,q25.3,-1
EIF2S2,20,q11.22,-1
CD33,19,q13.41,1
CCNA2,4,q27,-1
POU3F2,6,q16.1,1
RAB4A,1,q42.13,1
RAB5A,3,p24.3,1
NR1D1,17,q21.1,-1
LMNB1,5,q23.2,1
BCL3,19,q13.32,1
CAST,5,q15,1
CD247,1,q24.2,-1
CDK11B,1,p36.33,-1
FLNA,X,q28,-1
NF1,17,q11.2,1
MAOA,X,p11.3,1
ACO1,9,p21.1,1
S1PR1,1,p21.2,1
FPR1,19,q13.41,-1
TNFAIP3,6,q23.3,1
SAT1,X,p22.11,1
C5AR1,19,q13.32,1
TBXA2R,19,p13.3,-1
VDAC1,5,q31.1,-1
FGFR2,10,q26.13,-1
TGM2,20,q11.23,-1
KCNA3,1,p13.3,-1
OSBP,11,q12.1,-1
PAICS,4,q12,1
NME2,17,q21.33,1
USF1,1,q23.3,-1
FGFR4,5,q35.2,1
KCNA4,11,p14.1,-1
KCNA5,12,p13.32,1
FGFR3,4,p16.3,1
HNRNPA2B1,7,p15.2,-1
RFX1,19,p13.12,-1
CCNO,5,q11.2,-1
CBL,11,q23.3,1
NR4A1,12,q13.13,1
XPA,9,q22.33,-1
SFPQ,1,p34.3,-1
TUBG1,17,q21.2,1
HRC,19,q13.33,-1
RPS3,11,q13.4,1
RPS6KB1,17,q23.1,1
JAK1,1,p31.3,-1
MCC,5,q22.2,-1
H2BC17,6,p22.1,1
CFL1,11,q13.1,-1
BDNF,11,p14.1,-1
EIF4B,12,q13.13,1
ITPKA,15,q15.1,1
DGKA,12,q13.2,1
PAX3,2,q36.1,-1
GATA2,3,q21.3,-1
GATA3,10,p14,1
SLC6A2,16,q12.2,1
CCND1,11,q13.3,1
KDELR1,19,q13.33,-1
AKAP5,14,q23.3,1
ACP1,2,p25.3,1
PRKCH,14,q23.1,1
ACAT1,11,q22.3,1
MYL9,20,q11.23,1
CCNE1,19,q12,1
CDK2,12,q13.2,1
APC,5,q22.2,1
GRK2,11,q13.2,1
EDNRA,4,q31.22,1
MCM3,6,p12.2,-1
YY1,14,q32.2,1
DNAJB1,19,p13.12,-1
DNAJB2,2,q35,1
NFKBIA,14,q13.2,-1
ITGB7,12,q13.13,-1
MSN,X,q12,1
PTPN3,9,q31.3,-1
DNMT1,19,p13.2,-1
U2AF2,19,q13.42,1
RPL13,16,q24.3,1
PTBP1,19,p13.3,1
PLN,6,q22.31,1
YWHAQ,2,p25.1,-1
MAPK3,16,p11.2,-1
MARK3,14,q32.32,1
ARNT,1,q21.3,-1
DCK,4,q13.3,1
CAD,2,p23.3,1
PDE4A,19,p13.2,1
MAP4,3,p21.31,-1
CANX,5,q35.3,1
PIK3R1,5,q13.1,1
TMOD1,9,q22.33,1
ELK4,1,q32.1,-1
CHAT,10,q11.23,1
MAPK1,22,q11.22,-1
DUSP1,5,q35.1,-1
RBL1,20,q11.23,-1
GRN,17,q21.31,1
EPHA2,1,p36.13,-1
PTPN6,12,p13.31,1
SHC1,1,q21.3,-1
ARID4A,14,q23.1,1
KDM5A,12,p13.33,-1
TKT,3,p21.1,-1
NOS3,7,q36.1,1
PML,15,q24.1,1
TYK2,19,p13.2,-1
EEF1D,8,q24.3,-1
PDHA2,4,q22.3,1
MARCKS,6,q21,1
AQP1,7,p14.3,1
PRDX6,1,q25.1,1
RPL12,9,q33.3,-1
PEBP1,12,q24.23,1
PDIA3,15,q15.3,1
CD6,11,q12.2,1
CDC27,17,q21.32,-1
FCER1G,1,q23.3,1
CCND2,12,p13.32,1
CCND3,6,p21.1,-1
WEE1,11,p15.4,1
CDC25A,3,p21.31,-1
CDC25B,20,p13,1
CDC25C,5,q31.2,-1
PPIF,10,q22.3,1
BDKRB2,14,q32.2,1
NMT1,17,q21.31,1
AVPR2,X,q28,1
AGTR1,3,q24,1
CLIP1,12,q24.31,-1
SRI,7,q21.12,-1
GCH1,14,q22.2,-1
SSTR2,17,q25.1,1
SDHA,5,p15.33,1
HOXA11,7,p15.2,-1
PRKAR2B,7,q22.3,1
RRM2,2,p25.1,1
SDC4,20,q13.12,-1
SLC6A4,17,q11.2,-1
AKT1,14,q32.33,-1
AKT2,19,q13.2,-1
ATIC,2,q35,1
HNRNPH1,5,q35.3,-1
YWHAB,20,q13.12,1
SFN,1,p36.11,1
FCGR2B,1,q23.3,1
L1CAM,X,q28,-1
ARRB2,17,p13.2,1
MC4R,18,q21.32,-1
CCR7,17,q21.2,-1
GRK4,4,p16.3,1
FOXN2,2,p16.3,1
CSF2RB,22,q12.3,1
CTH,1,p31.1,1
ICAM3,19,p13.2,-1
CDH5,16,q21,1
LSP1,11,p15.5,1
DUT,15,q21.1,1
ABCC1,16,p13.11,1
H2BC3,6,p22.2,-1
TTK,6,q14.1,1
MCM4,8,q11.21,1
MCM5,22,q12.3,1
MCM7,7,q22.1,-1
SDC2,8,q22.1,1
GRK5,10,q26.11,1
CRHR1,17,q21.31,1
CTNNA1,5,q31.2,1
CTNNB1,3,p22.1,1
BMI1,10,p12.2,1
NOS2,17,q11.2,-1
PHB,17,q21.33,-1
PTPN7,1,q32.1,-1
NF2,22,q12.2,1
RDX,11,q22.3,-1
RFC1,4,p14,-1
GTF2F1,19,p13.3,-1
SPR,2,p13.2,1
PTGS2,1,q31.1,-1
HRH1,3,p25.3,1
OPRM1,6,q25.2,1
RORA,15,q22.2,-1
CBS,21,q22.3,-1
MSX2,5,q35.2,1
IRS1,2,q36.3,-1
MYH9,22,q12.3,-1
MYH10,17,p13.1,-1
ADD1,4,p16.3,1
ADD2,2,p13.3,-1
FUS,16,p11.2,1
DDIT3,12,q13.3,-1
NUP214,9,q34.13,1
DEK,6,p22.3,-1
ATP7B,13,q14.3,-1
CHKA,11,q13.2,-1
AHR,7,p21.1,1
KRT20,17,q21.2,-1
FLT4,5,q35.3,-1
KDR,4,q12,-1
MAP2K2,19,p13.3,-1
ATP5F1C,10,p14,1
CHRNA7,15,q13.3,1
PGM1,1,p31.3,1
PPP1CC,12,q24.11,-1
FLT3,13,q12.2,-1
TGFBR1,9,q22.33,1
SERPINF1,17,p13.3,1
SREBF1,17,p11.2,-1
TGFBR2,3,p24.1,1
PPARG,3,p25.2,1
ZEB1,10,p11.22,1
TAGLN2,1,q23.2,-1
SNCA,4,q22.1,-1
RBMX,X,q26.3,-1
BRCA1,17,q21.31,-1
COIL,17,q22,-1
HSPA9,5,q31.2,-1
EIF4A3,17,q25.3,-1
CDKN1A,6,p21.2,1
RPS19,19,q13.2,1
ANP32A,15,q23,-1
FEN1,11,q12.2,1
CUX1,7,q22.1,1
IL6ST,5,q11.2,-1
VHL,3,p25.3,1
RPL13A,19,q13.33,1
MLH1,3,p22.2,1
STAT3,17,q21.2,-1
USP8,15,q21.2,1
CCNF,16,p13.3,1
EIF2S3,X,p22.11,1
ID1,20,q11.21,1
OPRD1,1,p35.3,1
OPRK1,8,q11.23,-1
OPRL1,20,q13.33,1
ETV5,3,q27.2,-1
CASR,3,q13.33,1
AQP2,12,q13.12,1
BCL6,3,q27.3,-1
CETN2,X,q28,-1
ETV6,12,p13.2,1
RGS2,1,q31.2,1
HNF4A,20,q13.12,1
PPP1R2,3,q29,-1
CSK,15,q24.1,1
MAP3K8,10,p11.23,1
CCR2,3,p21.31,1
TMPO,12,q23.1,1
STAT1,2,q32.2,-1
STAT6,12,q13.3,-1
STAT5A,17,q21.2,1
GRIA1,5,q33.2,1
PIK3CB,3,q22.3,-1
MTOR,1,p36.22,-1
EPS15,1,p32.3,-1
CASP3,4,q35.1,-1
CASP2,7,q34,1
RPS27,1,q21.3,1
TEC,4,p11,-1
TXK,4,p12,-1
ABL2,1,q25.2,-1
LIFR,5,p13.1,-1
WAS,X,p11.23,1
CDKN2A,9,p21.3,-1
HTT,4,p16.3,1
ECE1,1,p36.12,-1
MTHFR,1,p36.22,-1
SLC1A3,5,p13.2,1
PTGIR,19,q13.32,-1
MATR3,5,q31.2,1
MSH2,2,p21,1
GRK6,5,q35.3,1
SSR1,6,p24.3,-1
RAD52,12,p13.33,-1
MAGEA11,X,q28,1
ZAP70,2,q11.2,1
SYK,9,q22.2,1
KIR3DL1,19,q13.42,1
PSMC4,19,q13.2,1
GATA4,8,p23.1,1
TNNT2,1,q32.1,-1
VDAC2,10,q22.2,1
CBX5,12,q13.13,-1
MAPK8,10,q11.22,1
MAPK9,5,q35.3,-1
MAP2K4,17,p12,1
MKI67,10,q26.2,-1
RANGAP1,22,q13.2,-1
CRK,17,p13.3,-1
CRKL,22,q11.21,1
BAG6,6,p21.33,-1
NSF,17,q21.31,1
CDKN1B,12,p13.1,1
NOTCH1,9,q34.3,-1
IER3,6,p21.33,-1
MAP2K3,17,p11.2,1
RPL21,13,q12.2,1
RPS10,6,p21.31,-1
YAP1,11,q22.1,1
UTRN,6,q24.2,1
IQGAP1,15,q26.1,1
PLA2G4A,1,q31.1,1
RAP1GAP,1,p36.12,-1
XDH,2,p23.1,-1
KCNJ1,11,q24.3,-1
KCNJ4,22,q13.1,-1
GLRB,4,q32.1,1
IREB2,15,q25.1,1
PIP4K2A,10,p12.2,-1
SOX9,17,q24.3,1
KCNJ5,11,q24.3,1
KCNJ3,2,q24.1,1
PRRC2A,6,p21.33,1
CSNK1A1,5,q32,-1
PIK3CG,7,q22.3,1
SLC9A3,5,p15.33,-1
TRPC1,3,q23,1
POLD2,7,p13,-1
MARCKSL1,1,p35.1,-1
PXN,12,q24.23,-1
MAPKAPK2,1,q32.1,1
SLC11A1,2,q35,1
NASP,1,p34.1,1
ARRB1,11,q13.4,-1
AMPH,7,p14.1,-1
CDC34,19,p13.3,1
CENPA,2,p23.3,1
UBE2A,X,q24,1
CSNK1E,22,q13.1,-1
GPR15,3,q11.2,1
CEBPA,19,q13.11,-1
CEBPD,8,q11.21,-1
MCM2,3,q21.3,1
ACADVL,17,p13.1,1
NUMB,14,q24.3,-1
CLK2,1,q22,-1
CLK3,15,q24.1,1
PSEN1,14,q24.2,1
FHIT,3,p14.2,-1
NUP153,6,p22.3,-1
RANBP2,2,q13,1
RGS19,20,q13.33,-1
PSEN2,1,q42.13,1
TSC2,16,p13.3,1
GSK3A,19,q13.2,-1
GSK3B,3,q13.33,-1
GMPS,3,q25.31,1
LIG3,17,q12,1
LIG4,13,q33.3,-1
CDKN1C,11,p15.4,-1
MRE11,11,q21,-1
MMP14,14,q11.2,1
EMD,X,q28,1
ST13,22,q13.2,-1
PEX5,12,p13.31,1
ERF,19,q13.2,-1
ETV1,7,p21.2,-1
VASP,19,q13.32,1
DNM2,19,p13.2,1
CDK7,5,q13.2,1
TOB1,17,q21.33,-1
CDK9,9,q34.11,1
BCAM,19,q13.32,1
FXR1,3,q26.33,1
DAP,5,p15.2,-1
DAP3,1,q22,1
DUSP3,17,q21.31,-1
SMARCA4,19,p13.2,1
MECP2,X,q28,-1
IRAK1,X,q28,-1
CAV2,7,q31.2,1
ALDH5A1,6,p22.3,1
CCR5,3,p21.31,1
STAT5B,17,q21.2,-1
KCNQ1,11,p15.5,1
CLCN3,4,q33,1
VAMP7,X,q28,1
RPS6KA3,X,p22.12,-1
BMX,X,p22.2,1
CCNH,5,q14.3,-1
NEK2,1,q32.3,-1
NEK3,13,q14.3,-1
HNRNPM,19,p13.2,1
KPNA2,17,q24.2,1
KPNA1,3,q21.1,-1
JAK3,19,p13.11,-1
MAP2K6,17,q24.3,1
ARHGDIA,17,q25.3,-1
ARHGDIB,12,p12.3,-1
STAT2,12,q13.3,-1
GTF2A1,14,q31.1,-1
KIF11,10,q23.33,1
VAV2,9,q34.2,-1
CHN2,7,p14.3,1
HK2,2,p12,1
CAPZA1,1,p13.2,1
PDX1,13,q12.2,1
NUP98,11,p15.4,-1
BLVRA,7,p13,1
PPP5C,19,q13.32,1
PLK1,16,p12.2,1
DAPK1,9,q21.33,1
ARFIP2,11,p15.4,-1
ARFIP1,4,q31.3,1
FOSB,19,q13.32,1
LIMK1,7,q11.23,1
LIMK2,22,q12.2,1
MAPK12,22,q13.33,-1
MAPK10,4,q21.3,-1
PTTG1IP,21,q22.3,-1
TTC3,21,q22.13,1
RCAN1,21,q22.12,-1
BLM,15,q26.1,1
HIRA,22,q11.21,-1
ATXN3,14,q32.12,-1
ATXN1,6,p22.3,-1
ATN1,12,p13.31,1
TERF1,8,q21.11,1
MYOM2,8,p23.3,1
USP14,18,p11.32,1
PRKAA2,1,p32.2,1
EPHB3,3,q27.1,1
EPHA4,2,q36.1,-1
EIF5,14,q32.32,1
SLC12A2,5,q23.3,1
SLC12A3,16,q13,1
DRG2,17,p11.2,1
GEM,8,q22.1,-1
RRAD,16,q22.1,-1
NR1H2,19,q13.33,1
AQP5,12,q13.12,1
VCP,9,p13.3,-1
MFAP1,15,q15.3,-1
AQP4,18,q11.2,-1
AFDN,6,q27,1
ELL,19,p13.11,-1
CASP7,10,q25.3,1
CASP9,1,p36.21,-1
CASP6,4,q25,-1
CDKN2D,19,p13.2,-1
FOXG1,14,q12,1
FOXA1,14,q21.1,-1
TPD52,8,q21.13,-1
HNRNPH2,X,q22.1,1
RAG2,11,p12,-1
BID,22,q11.21,-1
MARS1,12,q13.3,1
MAZ,16,p11.2,1
HDAC4,2,q37.3,-1
EIF6,20,q11.22,-1
CTBP2,10,q26.13,-1
BACE1,11,q23.3,-1
BCAR1,16,q23.1,-1
STX17,9,q31.1,1
SIK1,21,q22.3,-1
KLF3,4,p14,1
CORO7,16,p13.3,-1
FOXL2,3,q22.3,-1
NRXN1,2,p16.3,-1
TIRAP,11,q24.2,1
H2BC5,6,p22.2,1
PTEN,10,q23.31,1
SNAP25,20,p12.2,1
PRPS1,X,q22.3,1
CDC42,1,p36.12,1
DSTN,20,p12.1,1
GMFB,14,q22.2,-1
RAB5B,12,q13.2,1
CXCR4,2,q22.1,-1
ACTR2,2,p14,1
RAP1B,12,q15,1
MAX,14,q23.3,-1
RPS3A,4,q31.3,1
PSME3,17,q21.31,1
RHOA,3,p21.31,-1
RND3,2,q23.3,-1
HNRNPK,9,q21.32,-1
YWHAG,7,q11.23,-1
RRAS2,11,p15.2,-1
PPP1CA,11,q13.2,-1
PSMC5,17,q23.3,1
YWHAE,17,p13.3,-1
RPS11,19,q13.33,1
BTG1,12,q21.33,-1
RPL7A,9,q34.2,1
RAB11A,15,q22.31,1
RHOB,2,p24.1,1
RPS6,9,p22.1,-1
H4C9,6,p22.1,1
H4C11,6,p22.1,1
H4C12,6,p22.1,-1
H4C13,6,p22.1,-1
H4C1,6,p22.2,1
H4C2,6,p22.2,-1
H4C3,6,p22.2,1
H4C4,6,p22.2,-1
H4C5,6,p22.2,1
H4C6,6,p22.2,1
H4C8,6,p22.2,-1
H4-16,12,p12.3,-1
H4C14,1,q21.2,1
H4C15,1,q21.2,-1
H2BC4,6,p22.2,-1
H2BC7,6,p22.2,1
H2BC6,6,p22.2,1
H2BC8,6,p22.2,-1
H2BC10,6,p22.2,1
RAB1A,2,p14,-1
RAN,12,q24.33,1
RAP1A,1,p13.2,1
RPS15,19,p13.3,1
RPL11,1,p36.11,1
RPL8,8,q24.3,-1
GRB2,17,q25.1,-1
RAC1,7,p22.1,1
AP2B1,17,q12,1
YWHAZ,8,q22.3,-1
DYNLL1,12,q24.31,1
RACK1,5,q35.3,-1
KCNJ2,17,q24.3,1
UBE2I,16,p13.3,1
PPP2CA,5,q31.1,-1
YBX1,1,p34.2,1
CSNK2B,6,p21.33,1
EEF1A1,6,q13,-1
TUBA1B,12,q13.12,-1
CSNK2A1,20,p13,-1
H3C10,6,p22.1,1
H3C11,6,p22.1,-1
H3C12,6,p22.1,-1
H3C1,6,p22.2,1
H3C2,6,p22.2,-1
H3C3,6,p22.2,1
H3C4,6,p22.2,-1
H3C6,6,p22.2,1
H3C7,6,p22.2,-1
H3C8,6,p22.2,-1
RNF4,4,p16.3,1
SIRPA,20,p13,1
EIF4G2,11,p15.4,-1
GTF2I,7,q11.23,1
ASIC1,12,q13.12,1
DLG4,17,p13.1,-1
PIP4K2B,17,q12,-1
SRPK2,7,q22.3,-1
CCT2,12,q15,1
PRKDC,8,q11.21,-1
ADAM17,2,p25.1,-1
ELF3,1,q32.1,1
ADARB1,21,q22.3,1
HMGN5,X,q21.1,-1
CBX1,17,q21.32,-1
SMAD3,15,q22.33,1
RPL19,17,q12,1
SRSF3,6,p21.31,1
H3-3B,17,q25.1,-1
H3-3A,1,q42.12,1
ARHGAP8,22,q13.31,1
PRR5,22,q13.31,1
DAB2,5,p13.1,-1
PKD1,16,p13.3,-1
XIAP,X,q25,1
RBM10,X,p11.3,1
FOXO4,X,q13.1,1
RBM3,X,p11.23,1
TFAM,10,q21.1,1
CDK6,7,q21.2,-1
CDK5,7,q36.1,-1
CDK16,X,p11.3,1
CLTC,17,q23.1,1
HSF1,8,q24.3,1
NFKB2,10,q24.32,1
HNRNPU,1,q44,-1
MDM2,12,q15,1
SPTBN1,2,p16.2,1
E2F1,20,q11.22,-1
SET,9,q34.11,1
SRSF2,17,q25.1,-1
FOXK2,17,q25.3,1
RUNX1,21,q22.12,-1
RELB,19,q13.32,1
TSPY1,Y,p11.2,1
FLI1,11,q24.3,1
HMGCS1,5,p12,-1
IFITM3,11,p15.5,-1
XPC,3,p25.1,-1
EWSR1,22,q12.2,1
POU5F1,6,p21.33,-1
BNC1,15,q25.2,-1
COL4A3,2,q36.3,1
SLC6A3,5,p15.33,-1
PLCB3,11,q13.1,1
TAGLN,11,q23.3,1
GUCY1B1,4,q32.1,1
PRKCE,2,p21,1
CENPE,4,q24,-1
KIF23,15,q23,1
NRG1,8,p12,1
ID2,2,p25.1,1
SP3,2,q31.1,-1
ID3,1,p36.12,-1
H1-1,6,p22.2,-1
MAP2K1,15,q22.31,1
TEK,9,p21.2,1
TOP2B,3,p24.2,-1
AKAP12,6,q25.1,1
HHEX,10,q23.33,1
CREM,10,p11.21,1
MLLT1,19,p13.3,-1
MECOM,3,q26.2,-1
CAV1,7,q31.2,1
KMT2A,11,q23.3,1
TGFBR3,1,p22.1,-1
LMNB2,19,p13.3,-1
PTS,11,q23.1,1
PTH1R,3,p21.31,1
ERCC6,10,q11.23,-1
KCNC4,1,p13.3,1
RELA,11,q13.1,-1
EIF4G1,3,q27.1,1
ATP7A,X,q21.1,1
TLE1,9,q21.32,-1
PRKCQ,10,p15.1,-1
GLO1,6,p21.2,-1
SSBP1,7,q34,1
REL,2,p16.1,1
MST1R,3,p21.31,-1
UBE3A,15,q11.2,-1
DNM1,9,q34.11,1
MXD1,2,p13.3,1
PTPN12,7,q11.23,1
PTK2,8,q24.3,-1
LIPE,19,q13.2,-1
PRKCZ,1,p36.33,1
ZBTB16,11,q23.2,1
GRIN1,9,q34.3,1
EEF1A2,20,q13.33,-1
PRKCD,3,p21.1,1
CALD1,7,q33,1
SLC18A2,10,q25.3,1
PTPN11,12,q24.13,1
BTK,X,q22.1,-1
GFPT1,2,p13.3,-1
EXOSC9,4,q27,1
RBPJ,4,p15.2,1
MEF2C,5,q14.3,-1
APLP2,11,q24.3,1
RAD51,15,q15.1,1
FMR1,X,q27.3,1
PRDX1,1,p34.1,-1
PDE4B,1,p31.3,1
ZFP36L1,14,q24.1,-1
BAX,19,q13.33,1
BCL2L1,20,q11.21,-1
MCL1,1,q21.2,-1
KLC1,14,q32.33,1
PPARA,22,q13.31,1
SOS1,2,p22.1,-1
TNK2,3,q29,-1
LRP1,12,q13.3,1
SRSF1,17,q22,-1
FOXM1,12,p13.33,-1
CACNB2,10,p12.33,1
DDR1,6,p21.33,1
PDE4C,19,p13.11,-1
AC008397.2,19,p13.11,-1
DMTN,8,p21.3,1
PDE4D,5,q12.1,-1
ITK,5,q33.3,1
SSRP1,11,q12.1,-1
RBL2,16,q12.2,1
CAMSAP2,1,q32.1,1
NSUN2,5,p15.31,-1
NCBP1,9,q22.33,1
KCNA1,12,p13.32,1
EP300,22,q13.2,1
AHNAK,11,q12.3,-1
INCA1,17,p13.2,-1
SREBF2,22,q13.2,1
FOXO1,13,q14.11,-1
GTF3C1,16,p12.1,-1
KCNMA1,10,q22.3,-1
CETN1,18,p11.32,1
TFCP2,12,q13.13,-1
AKAP13,15,q25.3,1
KCNH2,7,q36.1,-1
CDC20,1,p34.2,1
MERTK,2,q13,1
GRIN2A,16,p13.2,-1
TP53BP1,15,q15.3,-1
AIMP1,4,q24,1
ILF3,19,p13.2,1
PTPRJ,11,p11.2,1
TRAP1,16,p13.3,-1
TRAF2,9,q34.3,1
FOXC1,6,p25.3,1
DLG1,3,q29,-1
NFATC3,16,q22.1,1
PPP1R8,1,p35.3,1
GRIK2,6,q16.3,1
TIAM1,21,q22.11,-1
ARHGAP5,14,q12,1
CDC16,13,q34,1
STK4,20,q13.12,1
FLII,17,p11.2,-1
ACACA,17,q12,-1
LCP2,5,q35.1,-1
GPS1,17,q25.3,1
USP4,3,p21.31,-1
TRAF3,14,q32.32,1
KLF10,8,q22.3,-1
REST,4,q12,1
PRKAA1,5,p13.1,-1
NR1H3,11,p11.2,1
PPFIA1,11,q13.3,1
TARDBP,1,p36.22,1
HNRNPA0,5,q31.2,-1
PAK1,11,q14.1,-1
AIMP2,7,p22.1,1
FADD,11,q13.3,1
MAP2K5,15,q23,1
MAPK7,17,p11.2,1
PAK2,3,q29,1
CBX3,7,p15.2,1
STK3,8,q22.2,-1
CBLB,3,q13.11,-1
GRIN2B,12,p13.1,-1
MAP3K1,5,q11.2,1
SRSF9,12,q24.31,-1
MAD2L1,4,q27,-1
TRIM28,19,q13.43,1
G3BP1,5,q33.1,1
NR5A1,9,q33.3,-1
SLAMF1,1,q23.3,-1
KCNAB2,1,p36.31,1
SKP2,5,p13.2,1
ATM,11,q22.3,1
GRB10,7,p12.1,-1
BIK,22,q13.2,1
MTA1,14,q32.33,1
ITGB3BP,1,p31.3,-1
PPP2R5C,14,q32.31,1
CTBP1,4,p16.3,-1
PDE3B,11,p15.2,1
PDCL,9,q33.2,-1
PLD1,3,q26.31,-1
ORC1,1,p32.3,-1
ORC2,2,q33.1,-1
ILK,11,p15.4,1
IKZF1,7,p12.2,1
XRCC4,5,q14.2,1
TCOF1,5,q32,1
SF3B2,11,q13.1,1
GOLGA4,3,p22.2,1
ADAM15,1,q21.3,1
TNK1,17,p13.1,1
GAB1,4,q31.21,1
SMAD4,18,q21.2,1
SQSTM1,5,q35.3,1
TUBB3,16,q24.3,1
PIN1,19,p13.2,1
ATR,3,q23,-1
EIF4EBP1,8,p11.23,1
RIPK1,6,p25.2,1
HDAC1,1,p35.2,1
CAMK2G,10,q22.2,-1
PKD2,4,q22.1,1
IRF5,7,q32.1,1
SNW1,14,q24.3,-1
IQGAP2,5,q13.3,1
STIM1,11,p15.4,1
MTMR2,11,q21,-1
SLC12A1,15,q21.1,1
DYRK1A,21,q22.13,1
FHL1,X,q26.3,1
RIN1,11,q13.2,-1
RUNX3,1,p36.11,-1
THOC5,22,q12.2,-1
PMAIP1,18,q21.32,1
SPTAN1,9,q34.11,1
TNFAIP1,17,q11.2,1
PKP1,1,q32.1,1
PTK6,20,q13.33,-1
KLF5,13,q22.1,1
RAPGEF1,9,q34.13,-1
IDI1,10,p15.3,-1
RUNX2,6,p21.1,1
RASGRF1,15,q25.1,-1
PRKG1,10,q11.23,1
CDK13,7,p14.1,1
IL16,15,q25.1,1
CAMK1,3,p25.3,-1
HNRNPD,4,q21.22,-1
TRIM29,11,q23.3,-1
KEAP1,19,p13.2,-1
ARHGEF7,13,q34,1
UBAP2L,1,q21.3,1
GIT2,12,q24.11,-1
IKBKE,1,q32.1,1
DOCK1,10,q26.2,1
TFDP1,13,q34,1
WRN,8,p12,1
CRMP1,4,p16.2,-1
DPYSL3,5,q32,-1
ZMYM3,X,q13.1,-1
DCTN1,2,p13.1,-1
NPAT,11,q22.3,-1
MAP7,6,q23.3,-1
CTTN,11,q13.3,1
FLOT2,17,q11.2,-1
PTK2B,8,p21.2,1
FLNC,7,q32.1,1
GNA13,17,q24.1,-1
PDE3A,12,p12.2,1
GRB14,2,q24.3,-1
GRB7,17,q12,1
BECN1,17,q21.31,-1
SLBP,4,p16.3,-1
NFE2L1,17,q21.32,1
RBM39,20,q11.22,-1
NEDD9,6,p24.2,-1
SCN5A,3,p22.2,-1
ITPR1,3,p26.1,1
IRF3,19,q13.33,-1
TRIP12,2,q36.3,-1
ESPL1,12,q13.13,1
MDC1,6,p21.33,-1
MELK,9,p13.2,1
SMC1A,X,p11.22,-1
NCOA6,20,q11.22,-1
USP10,16,q24.1,1
KCNB1,20,q13.13,-1
PPP2R5D,6,p21.1,1
LBR,1,q42.12,-1
CASP8,2,q33.1,1
KIF22,16,p11.2,1
MEF2D,1,q22,-1
CHD4,12,p13.31,-1
LASP1,17,q12,1
MYBPC3,11,p11.2,-1
NFATC4,14,q12,1
SLC9A5,16,q22.1,1
ZNF638,2,p13.3,1
NOLC1,10,q24.32,1
NUMA1,11,q13.4,-1
NR1I3,1,q23.3,-1
GAPVD1,9,q33.3,1
ARHGAP19,10,q24.1,-1
UBXN2B,8,q12.1,1
NCAPH,2,q11.2,1
SEPTIN2,2,q37.3,1
SUZ12,17,q11.2,1
ACAP1,17,p13.1,1
SNX17,2,p23.3,1
KARS1,16,q23.1,-1
SETDB1,1,q21.3,1
ARHGEF6,X,q26.3,-1
POLD3,11,q13.4,1
KIF14,1,q32.1,-1
EEA1,12,q22,-1
CDK5R1,17,q11.2,1
NCF4,22,q12.3,1
PDIA6,2,p25.1,-1
AGER,6,p21.32,-1
PDK1,2,q31.1,1
PEA15,1,q23.2,1
PRKD1,14,q12,-1
PLEC,8,q24.3,-1
PPP2R5A,1,q32.3,1
PTGES3,12,q13.3,-1
STK38,6,p21.31,-1
RABEP1,17,p13.2,1
RNPS1,16,p13.3,-1
ERBB4,2,q34,-1
RALBP1,18,p11.22,1
RPS6KA2,6,q27,-1
PCBP1,2,p13.3,1
PCBP2,12,q13.13,1
RHEB,7,q36.1,-1
DLGAP5,14,q22.3,-1
CNN3,1,p21.3,-1
RPS6KA1,1,p36.11,1
PPP1R7,2,q37.3,1
SEC23A,14,q21.1,-1
NR0B2,1,p36.11,-1
STIL,1,p33,-1
TAF7,5,q31.3,-1
TERF2,16,q22.1,-1
MAPRE2,18,q12.1,1
NCOA2,8,q13.3,-1
SLC9A3R2,16,p13.3,1
DIXDC1,11,q23.1,1
TARBP2,12,q13.13,1
SF1,11,q13.1,-1
TRIP10,19,p13.3,1
MED1,17,q12,-1
NFKBIB,19,q13.2,1
TRIP6,7,q22.1,1
TWIST1,7,p21.1,-1
MAPRE1,20,q11.21,1
DLG2,11,q14.1,-1
ELAVL1,19,p13.2,-1
LTB4R,14,q12,1
MYLK,3,q21.1,-1
TAB1,22,q13.1,1
MAPK11,22,q13.33,-1
CD226,18,q22.2,-1
NCOA1,2,p23.3,1
SMAD2,18,q21.1,-1
SMAD1,4,q31.21,1
TBCE,1,q42.3,1
TBCE,1,q42.3,1
STK11,19,p13.3,1
STXBP2,19,p13.2,1
GRK1,13,q34,1
USF2,19,q13.12,1
SCN9A,2,q24.3,-1
EZH2,7,q36.1,-1
ZYX,7,q34,1
SNCB,5,q35.2,-1
CCDC6,10,q21.2,-1
ENOX2,X,q26.1,-1
NFE2L2,2,q31.2,-1
E2F4,16,q22.1,1
PKN1,19,p13.12,1
PKN2,1,p22.2,1
DDB1,11,q12.2,-1
MAPK14,6,p21.31,1
CDC37,19,p13.2,-1
DPYSL2,8,p21.2,1
TAL2,9,q31.2,1
CAMK4,5,q22.1,1
RBBP7,X,p22.2,-1
MAP3K11,11,q13.1,-1
FXN,9,q21.11,1
BAK1,6,p21.31,-1
NREP,5,q22.1,-1
NTRK2,9,q21.33,1
NFE2,12,q13.13,-1
STX1A,7,q11.23,-1
OCLN,5,q13.2,1
DBN1,5,q35.3,-1
FSCN1,7,p22.1,1
MAPK6,15,q21.2,1
HIF1A,14,q23.2,1
IFI16,1,q23.1,1
DUSP5,10,q25.2,1
UBE2S,19,q13.42,-1
H2BC21,1,q21.2,-1
CA9,9,p13.3,1
PPP1R3A,7,q31.1,-1
DUSP6,12,q21.33,-1
DDR2,1,q23.3,1
LTC4S,5,q35.3,1
PFKFB3,10,p15.1,1
IMMT,2,p11.2,-1
INF2,14,q32.33,1
ARHGAP31,3,q13.32,1
AAK1,2,p13.3,-1
KIZ,20,p11.23,1
ERCC6L,X,q13.1,-1
TSR1,17,p13.3,-1
RALGAPA2,20,p11.23,-1
EML3,11,q12.3,-1
LRRK1,15,q26.3,1
PLEKHG6,12,p13.31,1
CCDC88A,2,p16.1,-1
TIGIT,3,q13.31,1
MAP9,4,q32.1,-1
FBXO43,8,q22.2,-1
AMOT,X,q23,-1
LIN52,14,q24.3,1
PDCD4,10,q25.2,1
CRTC2,1,q21.3,-1
CEP55,10,q23.33,1
NCBP3,17,p13.2,-1
PARP10,8,q24.3,-1
SETMAR,3,p26.1,1
AKIRIN2,6,q15,-1
CDCA8,1,p34.3,1
ARHGAP15,2,q22.2,1
COBLL1,2,q24.3,-1
ODF2,9,q34.11,1
SGO1,3,p24.3,-1
AKAP4,X,p11.22,-1
PRRC2B,9,q34.13,1
RRP12,10,q24.1,-1
TOR1AIP1,1,q25.2,1
AARS2,6,p21.1,-1
HABP4,9,q22.32,1
MIIP,1,p36.22,1
FFAR4,10,q23.33,1
H2BC18,1,q21.2,-1
LRRK2,12,q12,1
ATAT1,6,p21.33,1
HECTD3,1,p34.1,-1
UBR4,1,p36.13,-1
ARHGAP21,10,p12.1,-1
SYT6,1,p13.2,-1
RBM26,13,q31.1,-1
DEPDC1,1,p31.3,-1
RIF1,2,q23.3,1
CDC42BPA,1,q42.13,-1
RNF20,9,q31.1,1
DAB2IP,9,q33.2,1
FBXO31,16,q24.2,-1
WASHC2A,10,q11.23,1
ATG16L1,2,q37.1,1
AC002316.1,17,p13.3,1
TNS3,7,p12.3,-1
ARHGAP17,16,p12.1,-1
CDCA2,8,p21.2,1
NCAPH2,22,q13.33,1
JADE1,4,q28.2,1
SLC8B1,12,q24.13,-1
RCSD1,1,q24.2,1
ZNF746,7,q36.1,-1
CAVIN1,17,q21.2,-1
CDC73,1,q31.2,1
CC2D1A,19,p13.12,1
RFWD3,16,q23.1,-1
CTR9,11,p15.4,1
BORA,13,q21.33,1
AC091230.1,15,q24.1,-1
RICTOR,5,p13.1,-1
SMARCD3,7,q36.1,-1
PAQR3,4,q21.21,-1
ZNF322,6,p22.2,-1
MTHFD1L,6,q25.1,1
ANKRD12,18,p11.22,1
FIP1L1,4,q12,1
CRTC1,19,p13.11,1
ABRAXAS1,4,q21.23,-1
PACS1,11,q13.1,1
RAB11FIP1,8,p11.23,-1
GIGYF2,2,q37.1,1
CERS6,2,q24.3,1
PIK3AP1,10,q24.1,-1
USP34,2,p15,-1
PREX2,8,q13.2,1
UBE2R2,9,p13.3,1
H3C13,1,q21.2,-1
H3C14,1,q21.2,-1
H3C15,1,q21.2,1
CENPU,4,q35.1,-1
RPS27L,15,q22.2,-1
CCDC80,3,q13.2,-1
CEP68,2,p14,1
SUPT6H,17,q11.2,1
SND1,7,q32.1,1
MARK2,11,q13.1,1
SV2A,1,q21.2,-1
RHOU,1,q42.13,1
CENPQ,6,p12.3,1
COPS6,7,q22.1,1
TAOK1,17,q11.2,1
RAB11FIP2,10,q26.11,-1
MOB1B,4,q13.3,1
RASGRP2,11,q13.1,-1
RRM2B,8,q22.3,-1
STRADA,17,q23.3,-1
TRPM8,2,q37.1,1
TICRR,15,q26.1,1
ATG9A,2,q35,-1
RGPD4,2,q12.3,1
EMSY,11,q13.5,1
ARHGAP22,10,q11.23,-1
NET1,10,p15.1,1
SH3RF1,4,q33,-1
HUWE1,X,p11.22,-1
USP37,2,q35,-1
PATL1,11,q12.1,-1
TBC1D1,4,p14,1
PBRM1,3,p21.1,-1
RSPH3,6,q25.3,-1
TLK2,17,q23.2,1
FAM160B2,8,p21.3,1
TAX1BP1,7,p15.2,1
PACS2,14,q32.33,1
ZC3HC1,7,q32.2,-1
PROSER2,10,p14,1
SKAP1,17,q21.32,-1
STING1,5,q31.2,-1
ANKLE2,12,q24.33,-1
TICAM2,5,q22.3,-1
C2CD5,12,p12.1,-1
CAMK1D,10,p13,1
SIAH1,16,q12.1,-1
RASGRP3,2,p22.3,1
MAP4K3,2,p22.1,-1
CCDC50,3,q28,1
FUNDC1,X,p11.3,-1
MISP,19,p13.3,1
APLF,2,p13.3,1
MAPKAPK5,12,q24.12,1
TEX14,17,q22,-1
BRSK2,11,p15.5,1
LMTK2,7,q21.3,1
TPH2,12,q21.1,1
LAX1,1,q32.1,1
SUGP2,19,p13.11,-1
WWC1,5,q34,1
SKA3,13,q12.11,-1
RHOT1,17,q11.2,1
SIRT2,19,q13.2,-1
C17orf49,17,p13.1,1
AMOTL1,11,q21,1
RAVER1,19,p13.2,-1
SLX4,16,p13.3,-1
SRRM1,1,p36.11,1
FANCM,14,q21.2,1
SYTL1,1,p36.11,1
SEPTIN12,16,p13.3,-1
ULK2,17,p11.2,-1
HACE1,6,q16.3,-1
KMT2E,7,q22.3,1
PELP1,17,p13.2,-1
ABI1,10,p12.1,-1
NLGN4X,X,p22.31,-1
RPTOR,17,q25.3,1
CNTROB,17,p13.1,1
CCAR2,8,p21.3,1
THEMIS,6,q22.33,-1
ARHGAP24,4,q21.23,1
PIAS4,19,p13.3,1
MTURN,7,p14.3,1
MINK1,17,p13.2,1
KIF2B,17,q22,1
CCDC82,11,q21,-1
AFAP1L2,10,q25.3,-1
AFAP1,4,p16.1,-1
CERS5,12,q13.12,-1
ZC3H8,2,q14.1,-1
CAMKK1,17,p13.2,-1
ZBTB2,6,q25.1,-1
GCSAM,3,q13.2,-1
SIRT6,19,p13.3,-1
CDKN2A,9,p21.3,-1
BANP,16,q24.2,1
MLKL,16,q23.1,-1
INO80E,16,p11.2,1
HJURP,2,q37.1,-1
CCNY,10,p11.21,1
ABCF1,6,p21.33,1
PIK3C3,18,q12.3,1
SHCBP1,16,q11.2,-1
TRPV1,17,p13.2,-1
TRPV3,17,p13.2,-1
MYO3A,10,p12.1,1
PPHLN1,12,q12,1
DOCK8,9,p24.3,1
NOXO1,16,p13.3,-1
FLCN,17,p11.2,-1
REPS2,X,p22.2,1
GPRC5A,12,p13.1,1
KNL1,15,q15.1,1
NEK11,3,q22.1,1
ZNRF2,7,p14.3,1
NEDD1,12,q23.1,1
MAFA,8,q24.3,-1
COP1,1,q25.2,-1
CDC26,9,q32,-1
PPP1R14C,6,q25.1,1
GADD45GIP1,19,p13.13,-1
CEP76,18,p11.21,-1
MPLKIP,7,p14.1,-1
SMARCC2,12,q13.2,-1
ZNF420,19,q13.12,1
DEPTOR,8,q24.12,1
CIP2A,3,q13.13,-1
FBXO25,8,p23.3,1
PNPT1,2,p16.1,-1
PREX1,20,q13.13,-1
MAPK15,8,q24.3,1
NEK9,14,q24.3,-1
TRPM4,19,q13.33,1
BRSK1,19,q13.42,1
CABLES1,18,q11.2,1
HAVCR2,5,q33.3,-1
CD300LF,17,q25.1,-1
NEK7,1,q31.3,1
ASAP3,1,p36.12,-1
SSH3,11,q13.2,1
GRHL3,1,p36.11,1
CEP192,18,p11.21,1
SMCR8,17,p11.2,1
PARD3,10,p11.21,-1
HASPIN,17,p13.2,1
GRK7,3,q23,1
HDAC7,12,q13.11,-1
NUP133,1,q42.13,-1
PHLDA1,12,q21.2,-1
BLNK,10,q24.1,-1
CHTF18,16,p13.3,1
RNF138,18,q12.1,1
PPP1R1C,2,q31.3,1
CKAP2,13,q14.3,1
ATXN2L,16,p11.2,1
ATRIP,3,p21.31,1
ING5,2,q37.3,1
SEPTIN1,16,p11.2,-1
JDP2,14,q24.3,1
SSH1,12,q24.11,-1
DGCR8,22,q11.21,1
TTN,2,q31.2,-1
TRIB2,2,p24.3,1
SHC3,9,q22.1,-1
GBF1,10,q24.32,1
NCSTN,1,q23.2,1
TOPBP1,3,q22.1,-1
ELMO1,7,p14.1,-1
WASF1,6,q21,-1
PIK3R3,1,p34.1,-1
TSC1,9,q34.13,-1
NDRG1,8,q24.22,-1
SEPTIN8,5,q31.1,-1
DYRK2,12,q15,1
SORL1,11,q24.1,1
RSC1A1,1,p36.21,1
ANP32B,9,q22.33,1
RAD54L,1,p34.1,1
ESR2,14,q23.3,-1
TFG,3,q12.2,1
RYR2,1,q43,1
HDAC2,6,q21,-1
DPF3,14,q24.2,-1
DPF2,11,q13.1,1
CREBBP,16,p13.3,-1
KAT6A,8,p11.21,-1
DLG3,X,q13.1,1
SYMPK,19,q13.32,-1
HAS2,8,q24.13,-1
FRAT1,10,q24.1,1
RAD50,5,q31.1,1
CELF1,11,p11.2,-1
OSTF1,9,q21.13,1
ARHGEF1,19,q13.2,1
UPF1,19,p13.11,1
DAZL,3,p24.3,-1
GATA6,18,q11.2,1
FGF14,13,q33.1,-1
GPKOW,X,p11.23,-1
MAP4K1,19,q13.2,-1
BAD,11,q13.1,-1
KHSRP,19,p13.3,-1
KCNN1,19,p13.11,1
ARHGEF2,1,q22,-1
IRF7,11,p15.5,-1
KAT5,11,q13.1,1
BRF1,14,q32.33,-1
DVL3,3,q27.1,1
USP7,16,p13.2,-1
CUL5,11,q22.3,1
STMN2,8,q21.13,1
LPP,3,q27.3,1
H2BC9,6,p22.2,1
FBXW7,4,q31.3,-1
CNKSR1,1,p36.11,1
L3MBTL2,22,q13.2,1
ZNF622,5,p15.1,-1
WBP2,17,q25.1,-1
FBXW5,9,q34.3,-1
MRTFA,22,q13.2,-1
PPP1R14A,19,q13.2,-1
ADIPOR1,1,q32.1,-1
FERMT2,14,q22.1,-1
FUBP1,1,p31.1,-1
ACD,16,q22.1,-1
RAB37,17,q25.1,1
AKT1S1,19,q13.33,-1
TMIGD2,19,p13.3,-1
PINX1,8,p23.1,-1
SGK3,8,q13.1,1
EFHD2,1,p36.21,1
PYCR2,1,q42.12,-1
PPP1R14B,11,q13.1,-1
CHMP4C,8,q21.13,1
TIFA,4,q25,-1
LRRC45,17,q25.3,1
OPTN,10,p13,1
AP2M1,3,q27.1,1
KCTD12,13,q22.3,-1
ORAI1,12,q24.31,1
HVCN1,12,q24.11,-1
FAM122A,9,q21.11,1
RMI2,16,p13.13,1
RBMXL1,1,p22.2,-1
SIRT1,10,q21.3,1
DAZAP1,19,p13.3,1
MCRS1,12,q13.12,-1
IL17RA,22,q11.1,1
EDC3,15,q24.1,-1
PELI1,2,p14,-1
CDCA5,11,q13.1,-1
NEIL1,15,q24.2,1
OTUB1,11,q13.1,1
AURKB,17,p13.1,-1
DOCK6,19,p13.2,-1
HES6,2,q37.3,-1
RBM17,10,p15.1,1
AJUBA,14,q11.2,-1
LRCH3,3,q29,1
PAWR,12,q21.2,-1
ITCH,20,q11.22,1
WNK4,17,q21.2,1
VCPIP1,8,q13.1,-1
ELMO2,20,q13.12,-1
ZFYVE19,15,q15.1,1
PBK,8,p21.1,-1
MEGF10,5,q23.2,1
SCYL1,11,q13.1,1
EHMT2,6,p21.33,-1
PHACTR3,20,q13.32,1
EGLN2,19,q13.2,1
MARK4,19,q13.32,1
SIGLEC10,19,q13.41,-1
BMF,15,q15.1,-1
ROBO3,11,q24.2,1
DOCK7,1,p31.3,-1
MUS81,11,q13.1,1
NLRP3,1,q44,1
FCRL3,1,q23.1,-1
ARAP1,11,q13.4,-1
ARHGEF17,11,q13.4,1
NOX5,15,q23,1
RBM14,11,q13.2,1
RCHY1,4,q21.1,-1
NEDD4L,18,q21.31,1
SLITRK1,13,q31.1,-1
NEK1,4,q33,-1
ASB2,14,q32.12,-1
KIF20B,10,q23.31,1
DLC1,8,p22,-1
FYTTD1,3,q29,1
RAB3IP,12,q15,1
TRPM7,15,q21.2,-1
SPAG5,17,q11.2,-1
PASK,2,q37.3,-1
NR1H4,12,q23.1,1
CIC,19,q13.2,1
UIMC1,5,q35.2,-1
CAMKK2,12,q24.31,-1
TGS1,8,q12.1,1
USP28,11,q23.2,-1
TP53RK,20,q13.12,-1
RANBP9,6,p23,-1
CCNL2,1,p36.33,-1
SRPK1,6,p21.31,-1
DCLRE1C,10,p13,-1
CDK5RAP2,9,q33.2,-1
SIN3A,15,q24.2,-1
RSF1,11,q14.1,-1
PPP1R16B,20,q11.23,1
RUFY1,5,q35.3,1
SPEN,1,p36.21,1
PNKP,19,q13.33,-1
UHRF1,19,p13.3,1
NIBAN2,9,q34.11,-1
RMDN3,15,q15.1,-1
GAD1,2,q31.1,1
CYTH2,19,q13.33,1
TBCB,19,q13.12,1
CNN2,19,p13.3,1
EYA1,8,q13.3,-1
EYA3,1,p35.3,-1
SORT1,1,p13.3,-1
LGMN,14,q32.12,-1
MAP3K14,17,q21.31,-1
SCAF11,12,q12,-1
ELF4,X,q26.1,-1
PHB2,12,p13.31,-1
CDX2,13,q12.2,-1
RAD9A,11,q13.2,1
PKMYT1,16,p13.3,-1
KIF2C,1,p34.1,1
RGPD5,2,q13,1
RGPD6,2,q13,-1
MAP3K5,6,q23.3,-1
FEZ1,11,q24.2,-1
DOK1,2,p13.1,1
RBBP8,18,q11.2,1
SEPTIN5,22,q11.21,1
BARD1,2,q35,-1
CDC6,17,q21.2,1
NKX3-1,8,p21.2,-1
SLC29A1,6,p21.1,1
EPAS1,2,p21,1
CIB1,15,q26.1,-1
EBNA1BP2,1,p34.2,-1
H2BC15,6,p22.1,1
H2BC14,6,p22.1,1
PTPN18,2,q21.1,1
FOXC2,16,q24.1,1
SH3GL1,19,p13.3,-1
SH3GL2,9,p22.2,1
VRK1,14,q32.2,1
AKAP9,7,q21.2,1
DPYSL5,2,p23.3,1
NCAPG,4,p15.31,1
MAPKAP1,9,q33.3,-1
NABP2,12,q13.3,1
WDR77,1,p13.2,-1
TUBA1C,12,q13.12,1
MYBBP1A,17,p13.2,-1
GORASP1,3,p22.2,-1
SULT4A1,22,q13.31,-1
JPH2,20,q13.12,-1
CORO1B,11,q13.2,-1
BUD13,11,q23.3,-1
PYGO2,1,q21.3,-1
RIOK1,6,p24.3,1
LARP6,15,q23,-1
SIKE1,1,p13.2,-1
TINF2,14,q12,-1
PIMREG,17,p13.2,1
CCM2,7,p13,1
RTKN,2,p13.1,-1
RBM42,19,q13.12,1
RAMAC,15,q25.2,1
ZNF692,1,q44,-1
MKNK1,1,p33,-1
ZSCAN5A,19,q13.43,-1
PDCD10,3,q26.1,-1
WRAP53,17,p13.1,1
TRAF4,17,q11.2,1
CEP250,20,q11.22,1
PHF20,20,q11.22,1
RIOK2,5,q15,-1
KIFC1,6,p21.32,1
DDA1,19,p13.11,1
RBM4,11,q13.2,1
CDCA7,2,q31.1,1
SSBP3,1,p32.3,-1
TRPM6,9,q21.13,-1
OSBPL11,3,q21.2,-1
RAB11FIP5,2,p13.2,-1
BBC3,19,q13.32,-1
CARD11,7,p22.2,-1
PINK1,1,p36.12,1
SRRT,7,q22.1,1
QTRT1,19,p13.2,1
NUSAP1,15,q15.1,1
FANCD2,3,p25.3,1
PACSIN1,6,p21.31,1
HDAC8,X,q13.1,-1
POLDIP3,22,q13.2,-1
DUSP16,12,p13.2,-1
PCGF6,10,q24.33,-1
NIFK,2,q14.3,-1
BACH2,6,q15,-1
IFIH1,2,q24.2,-1
RAB34,17,q11.2,-1
TBL1XR1,3,q26.32,-1
PPP1R12C,19,q13.42,-1
PRKD2,19,q13.32,-1
NIBAN1,1,q25.3,-1
FOXP3,X,p11.23,-1
TRIM9,14,q22.1,-1
TNKS1BP1,11,q12.1,-1
AMBRA1,11,p11.2,-1
UBE2O,17,q25.1,-1
TANC1,2,q24.2,1
SRCIN1,17,q12,-1
BCL11B,14,q32.2,-1
NDEL1,17,p13.1,1
DDX24,14,q32.12,-1
EGLN1,1,q42.2,-1
MCOLN1,19,p13.2,1
ANKRD2,10,q24.2,1
WWTR1,3,q25.1,-1
FGF23,12,p13.32,-1
AICDA,12,p13.31,-1
LAT2,7,q11.23,1
MAF1,8,q24.3,1
NUAK2,1,q32.1,-1
KLC2,11,q13.2,1
XRN2,20,p11.22,1
RACGAP1,12,q13.12,-1
SIK2,11,q23.1,1
RBM38,20,q13.31,1
ANAPC1,2,q13,-1
TRPV6,7,q34,-1
NUCKS1,1,q32.1,-1
RBSN,3,p25.1,-1
ISCU,12,q23.3,1
MED28,4,p15.32,1
CDT1,16,q24.3,1
CARD9,9,q34.3,-1
SYT4,18,q12.3,-1
TRIOBP,22,q13.1,1
TSPYL2,X,p11.22,1
TAOK3,12,q24.23,-1
KCNN2,5,q22.3,1
HIPK2,7,q34,-1
SLC12A5,20,q13.12,1
TP63,3,q28,1
TXNIP,1,q21.1,-1
NELFA,4,p16.3,-1
CDC42EP4,17,q25.1,-1
DNAJC5,20,q13.33,1
DSN1,20,q11.23,-1
C1orf198,1,q42.2,-1
CUEDC2,10,q24.32,-1
MAP1LC3A,20,q11.22,1
WNK1,12,p13.33,1
GOLPH3,5,p13.3,-1
SAV1,14,q22.1,-1
DEF6,6,p21.31,1
SENP3,17,p13.1,1
RNF41,12,q13.3,-1
RGCC,13,q14.11,1
ZNF768,16,p11.2,-1
CDCP1,3,p21.31,-1
TUT1,11,q12.3,-1
CCDC86,11,q12.2,1
ILRUN,6,p21.31,-1
RANBP3,19,p13.3,-1
SH2D4A,8,p21.3,1
PEAK1,15,q24.3,-1
PLEKHG2,19,q13.2,1
CAAP1,9,p21.2,-1
BRD9,5,p15.33,-1
ZNF395,8,p21.1,-1
MOB1A,2,p13.1,-1
ECT2,3,q26.31,1
GORASP2,2,q31.1,1
JPT2,16,p13.3,1
NHEJ1,2,q35,-1
NANOG,12,p13.31,1
CERS4,19,p13.2,1
NMNAT1,1,p36.22,1
PELI2,14,q22.3,1
CLSPN,1,p34.3,-1
UGT1A7,2,q37.1,1
BCL2L12,19,q13.33,1
PIDD1,11,p15.5,-1
FANCE,6,p21.31,1
TRPV4,12,q24.11,-1
SGK2,20,q13.12,1
APOBEC3G,22,q13.1,1
SENP2,3,q27.2,1
CENPJ,13,q12.13,-1
NEK6,9,q33.3,1
LRRC4C,11,p12,-1
PDE11A,2,q31.2,-1
BRMS1,11,q13.2,-1
SH2D2A,1,q23.1,-1
GCM1,6,p12.1,-1
MLXIPL,7,q11.23,-1
SSU72,1,p36.33,-1
PNPLA8,7,q31.1,-1
POLM,7,p13,-1
DYNLRB1,20,q11.22,1
PARD6A,16,q22.1,1
LTB4R2,14,q12,1
KCNK9,8,q24.3,-1
NOX4,11,q14.3,-1
DCP1A,3,p21.1,-1
CD93,20,p11.21,-1
PLCB1,20,p12.3,1
TCF7L2,10,q25.2,1
RTN4,2,p16.1,-1
CYLD,16,q12.1,1
RPRD1B,20,q11.23,1
AVEN,15,q14,-1
INCENP,11,q12.3,1
KIF13B,8,p12,-1
PAK6,15,q15.1,1
UTP3,4,q13.3,1
ACSS2,20,q11.22,1
AC048338.2,12,q24.31,-1
DIABLO,12,q24.31,-1
ARHGEF4,2,q21.1,1
SPHK2,19,q13.33,1
EIF4ENIF1,22,q12.2,-1
PICK1,22,q13.1,1
DUOX1,15,q21.1,1
SH2B1,16,p11.2,1
CTPS2,X,p22.2,-1
SNRK,3,p22.1,1
TUBG2,17,q21.2,1
DISC1,1,q42.2,1
BAZ1A,14,q13.2,-1
LATS2,13,q12.11,-1
DROSHA,5,p13.3,-1
ARHGAP35,19,q13.32,1
PLSCR3,17,p13.1,-1
RASSF1,3,p21.31,-1
RGS18,1,q31.2,1
TOPORS,9,p21.1,-1
RAD18,3,p25.3,-1
DIAPH3,13,q21.2,-1
SIRT3,11,p15.5,-1
PDS5B,13,q13.1,1
DDX19A,16,q22.1,1
TDP1,14,q32.11,1
NDFIP2,13,q31.1,1
PARVA,11,p15.3,1
FANCI,15,q26.1,1
ASF1B,19,p13.12,-1
FANCL,2,p16.1,-1
SLTM,15,q22.1,-1
PAG1,8,q21.13,-1
BABAM1,19,p13.11,1
AC093012.1,12,q12,1
CHCHD3,7,q33,-1
CWC25,17,q12,-1
NDE1,16,p13.11,1
AATF,17,q12,1
SPHK1,17,q25.1,1
TERF2IP,16,q23.1,1
DACT1,14,q23.1,1
BCLAF1,6,q23.3,-1
MAP3K20,2,q31.1,1
MIS18A,21,q22.11,-1
CDK12,17,q12,1
RRN3,16,p13.11,-1
STMN3,20,q13.33,-1
CLIC5,6,p21.1,-1
WWOX,16,q23.1,1
SMARCAL1,2,q35,1
DTL,1,q32.3,1
NOP53,19,q13.33,1
CNOT2,12,q15,1
NCKIPSD,3,p21.31,-1
CD274,9,p24.1,1
OGFR,20,q13.33,1
KCND2,7,q31.31,1
PDP1,8,q22.1,1
MARK1,1,q41,1
PKD2L1,10,q24.31,-1
TBC1D7,6,p24.1,-1
ZBTB4,17,p13.1,-1
CCDC88C,14,q32.12,-1
ARHGAP23,17,q12,1
SLAIN2,4,p11,1
PAK5,20,p12.2,-1
STK26,X,q26.2,1
CTTNBP2NL,1,p13.2,1
IBTK,6,q14.1,-1
CHD7,8,q12.2,1
UVRAG,11,q13.5,1
ATXN10,22,q13.31,1
RNF7,3,q23,1
PI4KB,1,q21.3,-1
PPARGC1A,4,p15.2,-1
HDAC6,X,p11.23,1
METTL1,12,q14.1,-1
RPS6KB2,11,q13.2,1
GHRL,3,p25.3,-1
DBF4,7,q21.12,1
ZMYM2,13,q12.11,1
PPP1R1B,17,q12,1
DAXX,6,p21.32,-1
STK39,2,q24.3,-1
ADD3,10,q25.1,1
CGGBP1,3,p11.1,-1
ZRANB1,10,q26.13,1
STAP2,19,p13.3,-1
POLL,10,q24.32,-1
KLHL3,5,q31.2,-1
SUN2,22,q13.1,-1
LIMA1,12,q13.12,-1
TBK1,12,q14.2,1
SEPTIN9,17,q25.3,1
IP6K2,3,p21.31,-1
USP25,21,q21.1,1
BAIAP2L1,7,q22.1,-1
SLC12A6,15,q14,-1
BAZ2A,12,q13.3,-1
BAZ1B,7,q11.23,-1
ATP5IF1,1,p35.3,1
DAPK2,15,q22.31,-1
PLXNA1,3,q21.3,1
NAGK,2,p13.3,1
ERRFI1,1,p36.23,-1
LEF1,4,q25,-1
DBNL,7,p13,1
DDX41,5,q35.3,-1
CDC23,5,q31.2,-1
ANAPC7,12,q24.11,-1
ANAPC4,4,p15.2,1
HSPB8,12,q24.23,1
GGA1,22,q13.1,1
STOML2,9,p13.3,-1
KCND3,1,p13.2,-1
USP21,1,q23.3,1
AKAP11,13,q14.11,1
MRTO4,1,p36.13,1
APPL1,3,p14.3,1
TLK1,2,q31.1,-1
RALY,20,q11.22,1
FBXO5,6,q25.2,-1
FBXO4,5,p13.1,1
HDAC9,7,p21.1,1
ACIN1,14,q11.2,-1
AMFR,16,q13,-1
AGO2,8,q24.3,-1
VAV3,1,p13.3,-1
MYH2,17,p13.1,-1
NUP50,22,q13.31,1
ZHX1,8,q24.13,-1
TBX21,17,q21.32,1
TAOK2,16,p11.2,1
TRPC5,X,q23,-1
MCTS1,X,q24,1
PPP1R9A,7,q21.3,1
CORO1C,12,q24.11,-1
HSF4,16,q22.1,1
CBLC,19,q13.32,1
TPX2,20,q11.21,1
NOB1,16,q22.1,-1
FZR1,19,p13.3,1
ALK,2,p23.1,-1
COL17A1,10,q25.1,-1
DDX19B,16,q22.1,1
SUFU,10,q24.32,1
DAPP1,4,q23,1
NDRG2,14,q11.2,-1
FAF1,1,p32.3,-1
ABCG2,4,q22.1,-1
NSFL1C,20,p13,-1
SLC12A4,16,q22.1,-1
MACF1,1,p34.3,1
CEP131,17,q25.3,-1
PHF8,X,p11.22,-1
EXOC7,17,q25.1,-1
MAPK8IP3,16,p13.3,1
ZC3H4,19,q13.32,-1
USP24,1,p32.3,-1
SLC7A11,4,q28.3,-1
MAPRE3,2,p23.3,1
ICK,6,p12.1,-1
SHOC2,10,q25.2,1
SRRM2,16,p13.3,1
PA2G4,12,q13.2,1
BAIAP2,17,q25.3,1
GAB2,11,q14.1,-1
SMC3,10,q25.2,1
MAPK8IP1,11,p11.2,1
PPP1R3C,10,q23.32,-1
HDAC5,17,q21.31,-1
CAMK2A,5,q32,-1
SCML2,X,p22.13,-1
ZNF148,3,q21.2,-1
TRPC6,11,q22.1,-1
PDE10A,6,q27,-1
PIN4,X,q13.1,1
AKT3,1,q44,-1
GINS2,16,q24.1,-1
POLH,6,p21.1,1
CHKB,22,q13.33,-1
FOXA2,20,p11.21,-1
RUVBL1,3,q21.3,-1
NUDC,1,p36.11,1
INVS,9,q31.1,1
FARSA,19,p13.13,-1
ASF1A,6,q22.31,1
DRG1,22,q12.2,1
STK38L,12,p11.23,1
NINL,20,p11.21,-1
PIKFYVE,2,q34,1
AMOTL2,3,q22.2,-1
SIK3,11,q23.3,-1
USP20,9,q34.11,1
KDM2A,11,q13.2,1
DDX52,17,q12,-1
YBX2,17,p13.1,-1
CARHSP1,16,p13.2,-1
THRAP3,1,p34.3,1
KCNIP3,2,q11.1,1
GIT1,17,q11.2,-1
ZNF281,1,q32.1,-1
SUGT1,13,q14.3,1
STARD10,11,q13.4,-1
SH3GLB1,1,p22.3,1
RNF11,1,p32.3,1
PTRH2,17,q23.1,-1
STRAP,12,p12.3,1
CBY1,22,q13.1,1
HCN4,15,q24.1,-1
CHTOP,1,q21.3,1
SAMHD1,20,q11.23,-1
DYRK1B,19,q13.2,-1
PRKAB1,12,q24.23,1
TLN1,9,p13.3,-1
KIF3A,5,q31.1,-1
KDM3A,2,p11.2,1
DAGLA,11,q12.2,1
USP15,12,q14.1,1
RAPGEF2,4,q32.1,1
IRS2,13,q34,-1
GPSM3,6,p21.32,-1
ATG4B,2,q37.3,1
TELO2,16,p13.3,1
PPME1,11,q13.4,1
RBM7,11,q23.2,1
CTDP1,18,q23,1
SUPT16H,14,q11.2,-1
ORC6,16,q11.2,1
CERT1,5,q13.3,-1
RBM8A,1,q21.1,-1
USP16,21,q21.3,1
SNX8,7,p22.3,-1
FHOD1,16,q22.1,-1
NCOR2,12,q24.31,-1
F11R,1,q23.3,-1
SLC12A7,5,p15.33,-1
MRPS18B,6,p21.33,1
TACC3,4,p16.3,1
ARFGEF1,8,q13.2,-1
MAD1L1,7,p22.3,-1
STK24,13,q32.2,-1
CHCHD2,7,p11.2,-1
SNCAIP,5,q23.2,1
KCNE3,11,q13.4,-1
EPN1,19,q13.42,1
IKBKG,X,q28,1
ROBO1,3,p12.3,-1
NCOA3,20,q13.12,1
SLC4A4,4,q13.3,1
MAP3K4,6,q26,1
WASF2,1,p36.11,-1
DUSP10,1,q41,-1
MORC2,22,q12.2,-1
LY96,8,q21.11,1
